WithIO,Blocks,Width,AbsorbSize,BorderSize,TotalTime,TimeStep,OutputTime
1,.1,552,8,4,0.0002,0.00001,0.00005
0,.1,552,8,4,0.0002,0.00001,0.00005
1,.2,552,8,4,0.0002,0.00001,0.00005
0,.2,552,8,4,0.0002,0.00001,0.00005
0,.3,552,8,4,0.0002,0.00001,0.00005
1,.3,552,8,4,0.0002,0.00001,0.00005
0,.4,552,8,4,0.0002,0.00001,0.00005
1,.4,552,8,4,0.0002,0.00001,0.00005
0,.5,552,8,4,0.0002,0.00001,0.00005
1,.5,552,8,4,0.0002,0.00001,0.00005
